日期,阶段,规则版本,基金代码,基金,规则方向,规则得分,规则区间低,规则区间高,AI方向,AI区间低,AI区间高,AI信心,昨日延续,全猜涨,跟随外盘,股侠立场,实际涨跌,规则命中,AI命中
2026-04-09,回测,1,002910,易方达供给改革,flat,0.5,-2.74,2.75,,,,,up,up,up,,0.68,,
2026-04-09,回测,1,005698,华夏全球科技,flat,0.5,-2.8,2.8,,,,,up,up,up,,1.44,,
2026-04-09,回测,1,024481,财通品质甄选,flat,0.5,-3.05,3.05,,,,,up,up,up,,1.08,,
2026-04-09,回测,1,015060,华夏节能环保,up,1,-0.76,2.66,,,,,up,up,up,,0.97,1,
2026-04-09,回测,1,001672,国寿智慧生活,up,1,-1.14,3.99,,,,,up,up,up,,0.71,1,
2026-04-10,回测,1,002910,易方达供给改革,up,1,-1.22,4.27,,,,,up,up,up,,1.23,1,
2026-04-10,回测,1,005698,华夏全球科技,flat,-0.5,-2.81,2.81,,,,,up,up,up,,1.8,,
2026-04-10,回测,1,024481,财通品质甄选,flat,0.5,-3.04,3.04,,,,,up,up,up,,4.03,,
2026-04-10,回测,1,015060,华夏节能环保,up,1,-0.76,2.67,,,,,up,up,up,,0.91,1,
2026-04-10,回测,1,001672,国寿智慧生活,up,1,-1.14,3.99,,,,,up,up,up,,0.31,1,
2026-04-13,回测,1,002910,易方达供给改革,flat,0.5,-2.72,2.72,,,,,up,up,up,,-0.67,,
2026-04-13,回测,1,005698,华夏全球科技,flat,-0.5,-2.69,2.69,,,,,up,up,flat,,1.09,,
2026-04-13,回测,1,024481,财通品质甄选,flat,0.5,-3.04,3.04,,,,,up,up,up,,2.37,,
2026-04-13,回测,1,015060,华夏节能环保,up,1,-0.75,2.62,,,,,up,up,up,,0.44,1,
2026-04-13,回测,1,001672,国寿智慧生活,up,1,-1.14,3.98,,,,,up,up,up,,0.97,1,
2026-04-14,回测,1,002910,易方达供给改革,flat,0.5,-2.69,2.69,,,,,down,up,up,,3.75,,
2026-04-14,回测,1,005698,华夏全球科技,flat,0.5,-2.69,2.69,,,,,up,up,up,,1.53,,
2026-04-14,回测,1,024481,财通品质甄选,flat,0.5,-3.06,3.06,,,,,up,up,up,,2.2,,
2026-04-14,回测,1,015060,华夏节能环保,up,1,-0.73,2.56,,,,,up,up,up,,-0.27,0,
2026-04-14,回测,1,001672,国寿智慧生活,flat,0.5,-2.56,2.56,,,,,up,up,up,,3.32,,
2026-04-15,回测,1,002910,易方达供给改革,flat,0.5,-2.78,2.78,,,,,up,up,up,,-0.6,,
2026-04-15,回测,1,005698,华夏全球科技,flat,0.5,-2.68,2.68,,,,,up,up,up,,-1.41,,
2026-04-15,回测,1,024481,财通品质甄选,flat,0.5,-3.04,3.04,,,,,up,up,up,,-1.33,,
2026-04-15,回测,1,015060,华夏节能环保,up,1,-0.72,2.53,,,,,flat,up,up,,-0.78,0,
2026-04-15,回测,1,001672,国寿智慧生活,flat,0.5,-2.64,2.64,,,,,up,up,up,,-1.01,,
2026-04-16,回测,1,002910,易方达供给改革,flat,0,-2.67,2.67,,,,,down,up,flat,,1.14,,
2026-04-16,回测,1,005698,华夏全球科技,up,1,-1.2,4.2,,,,,down,up,up,,1.93,1,
2026-04-16,回测,1,024481,财通品质甄选,flat,-0.5,-2.89,2.89,,,,,down,up,flat,,2.13,,
2026-04-16,回测,1,015060,华夏节能环保,flat,0,-1.57,1.57,,,,,down,up,flat,,3.26,,
2026-04-16,回测,1,001672,国寿智慧生活,flat,0,-2.49,2.49,,,,,down,up,flat,,1.58,,
2026-04-17,回测,1,002910,易方达供给改革,flat,0,-2.65,2.66,,,,,up,up,up,,0.96,,
2026-04-17,回测,1,005698,华夏全球科技,flat,0,-2.7,2.7,,,,,up,up,up,,2.85,,
2026-04-17,回测,1,024481,财通品质甄选,flat,-0.5,-2.81,2.81,,,,,up,up,up,,5.01,,
2026-04-17,回测,1,015060,华夏节能环保,flat,0,-1.65,1.65,,,,,up,up,up,,2.12,,
2026-04-17,回测,1,001672,国寿智慧生活,flat,0,-2.49,2.49,,,,,up,up,up,,1.13,,
2026-04-20,回测,1,002910,易方达供给改革,up,1,-1.14,3.98,,,,,up,up,up,,0.98,1,
2026-04-20,回测,1,005698,华夏全球科技,up,1,-1.22,4.26,,,,,up,up,up,,0.05,1,
2026-04-20,回测,1,024481,财通品质甄选,flat,0.5,-2.87,2.87,,,,,up,up,up,,-0.38,,
2026-04-20,回测,1,015060,华夏节能环保,up,1,-0.67,2.34,,,,,up,up,up,,-0.74,0,
2026-04-20,回测,1,001672,国寿智慧生活,up,1,-1.07,3.74,,,,,up,up,up,,0.79,1,
2026-04-21,回测,1,002910,易方达供给改革,flat,0,-2.55,2.55,,,,,up,up,up,,-1.34,,
2026-04-21,回测,1,005698,华夏全球科技,flat,0,-2.58,2.58,,,,,flat,up,down,,-0.11,,
2026-04-21,回测,1,024481,财通品质甄选,flat,0,-2.84,2.84,,,,,down,up,up,,1.51,,
2026-04-21,回测,1,015060,华夏节能环保,flat,0,-1.52,1.52,,,,,down,up,up,,0.07,,
2026-04-21,回测,1,001672,国寿智慧生活,flat,0,-2.37,2.37,,,,,up,up,up,,0.16,,
2026-04-22,回测,1,002910,易方达供给改革,flat,0,-2.36,2.36,,,,,down,up,up,,2.7,,
2026-04-22,回测,1,005698,华夏全球科技,flat,0,-2.59,2.59,,,,,flat,up,down,,3.4,,
2026-04-22,回测,1,024481,财通品质甄选,flat,0,-2.5,2.5,,,,,up,up,up,,3.93,,
2026-04-22,回测,1,015060,华夏节能环保,flat,0,-1.39,1.39,,,,,flat,up,up,,2.8,,
2026-04-22,回测,1,001672,国寿智慧生活,flat,0,-1.98,1.98,,,,,flat,up,up,,1.52,,
2026-04-23,回测,1,002910,易方达供给改革,up,1,-1.05,3.68,,,,,up,up,up,,-1.46,0,
2026-04-23,回测,1,005698,华夏全球科技,flat,0.5,-2.59,2.59,,,,,up,up,up,,-0.55,,
2026-04-23,回测,1,024481,财通品质甄选,flat,0.5,-2.51,2.51,,,,,up,up,up,,-2.2,,
2026-04-23,回测,1,015060,华夏节能环保,up,1,-0.64,2.25,,,,,up,up,up,,-0.44,0,
2026-04-23,回测,1,001672,国寿智慧生活,up,1,-0.82,2.87,,,,,up,up,up,,-2.51,0,
2026-04-24,回测,1,002910,易方达供给改革,up,1,-1.06,3.72,,,,,down,up,up,,-0.58,0,
2026-04-24,回测,1,005698,华夏全球科技,flat,0,-2.61,2.61,,,,,down,up,down,,1.45,,
2026-04-24,回测,1,024481,财通品质甄选,up,1,-1.16,4.06,,,,,down,up,up,,-1.77,0,
2026-04-24,回测,1,015060,华夏节能环保,up,1,-0.63,2.21,,,,,down,up,up,,-0.47,0,
2026-04-24,回测,1,001672,国寿智慧生活,up,1,-0.86,3,,,,,down,up,up,,0.04,1,
2026-04-27,回测,1,002910,易方达供给改革,up,1,-1.04,3.63,,,,,down,up,up,,3.75,1,
2026-04-27,回测,1,005698,华夏全球科技,up,1,-0.95,3.33,,,,,up,up,up,,-1.14,0,
2026-04-27,回测,1,024481,财通品质甄选,up,1,-1.16,4.05,,,,,down,up,up,,2.5,1,
2026-04-27,回测,1,015060,华夏节能环保,up,1,-0.61,2.14,,,,,down,up,up,,0.76,1,
2026-04-27,回测,1,001672,国寿智慧生活,up,1,-0.84,2.95,,,,,flat,up,up,,1.58,1,
2026-04-28,回测,1,002910,易方达供给改革,flat,0,-2.39,2.39,,,,,up,up,down,,-0.47,,
2026-04-28,回测,1,005698,华夏全球科技,flat,0,-2.19,2.19,,,,,down,up,flat,,-3.76,,
2026-04-28,回测,1,024481,财通品质甄选,flat,0,-2.58,2.58,,,,,up,up,down,,-2.16,,
2026-04-28,回测,1,015060,华夏节能环保,flat,0,-1.37,1.37,,,,,up,up,down,,0.4,,
2026-04-28,回测,1,001672,国寿智慧生活,flat,0,-1.91,1.91,,,,,up,up,down,,-0.57,,
2026-04-29,回测,1,002910,易方达供给改革,down,-1,-3.74,1.07,,,,,down,up,down,,1.13,0,
2026-04-29,回测,1,005698,华夏全球科技,flat,-0.5,-2.14,2.14,,,,,down,up,down,,1.86,,
2026-04-29,回测,1,024481,财通品质甄选,down,-1,-4.17,1.19,,,,,down,up,down,,1.2,0,
2026-04-29,回测,1,015060,华夏节能环保,down,-1,-2.13,0.61,,,,,up,up,down,,1.46,0,
2026-04-29,回测,1,001672,国寿智慧生活,down,-1,-2.98,0.85,,,,,down,up,down,,2.18,0,
2026-04-30,回测,1,002910,易方达供给改革,up,1,-0.97,3.39,,,,,up,up,up,,3.62,1,
2026-04-30,回测,1,005698,华夏全球科技,flat,0,-2.1,2.1,,,,,up,up,up,,2.34,,
2026-04-30,回测,1,024481,财通品质甄选,up,1,-1.13,3.96,,,,,up,up,up,,1.19,1,
2026-04-30,回测,1,015060,华夏节能环保,up,1,-0.58,2.02,,,,,up,up,up,,1.86,1,
2026-04-30,回测,1,001672,国寿智慧生活,up,1,-0.8,2.8,,,,,up,up,up,,0.81,1,
2026-05-06,回测,1,002910,易方达供给改革,up,1,-0.97,3.39,,,,,up,up,up,,1.05,1,
2026-05-06,回测,1,005698,华夏全球科技,up,1,-0.91,3.18,,,,,up,up,up,,6.87,1,
2026-05-06,回测,1,024481,财通品质甄选,up,1,-1.12,3.93,,,,,up,up,up,,1.3,1,
2026-05-06,回测,1,015060,华夏节能环保,up,1,-0.58,2.02,,,,,up,up,up,,1.87,1,
2026-05-06,回测,1,001672,国寿智慧生活,up,1,-0.76,2.67,,,,,up,up,up,,3.04,1,
2026-05-07,回测,1,002910,易方达供给改革,flat,0.5,-1.95,1.95,,,,,up,up,up,,1.73,,
2026-05-07,回测,1,005698,华夏全球科技,up,1,-1.04,3.64,,,,,up,up,up,,-1.02,0,
2026-05-07,回测,1,024481,财通品质甄选,up,1,-1.06,3.7,,,,,up,up,up,,2.39,1,
2026-05-07,回测,1,015060,华夏节能环保,up,1,-0.56,1.95,,,,,up,up,up,,3.25,1,
2026-05-07,回测,1,001672,国寿智慧生活,up,1,-0.68,2.37,,,,,up,up,up,,2.91,1,
2026-05-08,回测,1,002910,易方达供给改革,down,-1,-3.04,0.87,,,,,up,up,down,,-1.74,1,
2026-05-08,回测,1,005698,华夏全球科技,flat,0,-2.39,2.39,,,,,down,up,flat,,3.34,,
2026-05-08,回测,1,024481,财通品质甄选,down,-1,-3.67,1.05,,,,,up,up,down,,-0.74,1,
2026-05-08,回测,1,015060,华夏节能环保,down,-1.5,-2.06,0.59,,,,,up,up,down,,1.45,0,
2026-05-08,回测,1,001672,国寿智慧生活,down,-1.5,-2.41,0.69,,,,,up,up,down,,-0.34,1,
2026-05-11,回测,1,002910,易方达供给改革,up,1,-0.91,3.19,,,,,down,up,up,,4.67,1,
2026-05-11,回测,1,005698,华夏全球科技,flat,0.5,-2.42,2.42,,,,,up,up,up,,3.87,,
2026-05-11,回测,1,024481,财通品质甄选,up,1,-1.06,3.7,,,,,down,up,up,,2.45,1,
2026-05-11,回测,1,015060,华夏节能环保,flat,0.5,-1.32,1.32,,,,,up,up,up,,3.07,,
2026-05-11,回测,1,001672,国寿智慧生活,flat,0.5,-1.57,1.58,,,,,down,up,up,,2.12,,
2026-05-12,回测,1,002910,易方达供给改革,flat,0.5,-1.7,1.7,,,,,up,up,up,,2.06,,
2026-05-12,回测,1,005698,华夏全球科技,flat,-0.5,-2.09,2.09,,,,,up,up,flat,,-1.67,,
2026-05-12,回测,1,024481,财通品质甄选,up,1,-0.83,2.91,,,,,up,up,up,,2.8,1,
2026-05-12,回测,1,015060,华夏节能环保,flat,0.5,-1.21,1.21,,,,,up,up,up,,-0.23,,
2026-05-12,回测,1,001672,国寿智慧生活,flat,0.5,-1.3,1.3,,,,,up,up,up,,1.55,,
2026-05-13,回测,1,002910,易方达供给改革,down,-1,-2.67,0.76,,,,,up,up,down,,2.82,0,
2026-05-13,回测,1,005698,华夏全球科技,flat,-0.5,-2.17,2.17,,,,,down,up,down,,2.93,,
2026-05-13,回测,1,024481,财通品质甄选,down,-1.5,-2.95,0.84,,,,,up,up,down,,3.46,0,
2026-05-13,回测,1,015060,华夏节能环保,down,-1.5,-1.93,0.55,,,,,flat,up,down,,1.52,0,
2026-05-13,回测,1,001672,国寿智慧生活,down,-1.5,-2.03,0.58,,,,,up,up,down,,3.46,0,
2026-05-14,回测,1,002910,易方达供给改革,flat,0.5,-1.75,1.75,,,,,up,up,up,,-1.32,,
2026-05-14,回测,1,005698,华夏全球科技,up,1,-0.98,3.42,,,,,up,up,up,,-0.27,0,
2026-05-14,回测,1,024481,财通品质甄选,flat,0.5,-1.86,1.86,,,,,up,up,up,,-3.93,,
2026-05-14,回测,1,015060,华夏节能环保,flat,0.5,-1.24,1.24,,,,,up,up,up,,-0.88,,
2026-05-14,回测,1,001672,国寿智慧生活,flat,0.5,-1.39,1.39,,,,,up,up,up,,-2.18,,
2026-05-15,回测,1,002910,易方达供给改革,flat,0,-1.78,1.78,,,,,down,up,up,,2.46,,
2026-05-15,回测,1,005698,华夏全球科技,flat,-0.5,-2.21,2.21,,,,,flat,up,up,,-3.22,,
2026-05-15,回测,1,024481,财通品质甄选,flat,0.5,-2.12,2.12,,,,,down,up,up,,-0.44,,
2026-05-15,回测,1,015060,华夏节能环保,flat,0,-1.3,1.3,,,,,down,up,up,,-3.26,,
2026-05-15,回测,1,001672,国寿智慧生活,flat,0,-1.54,1.54,,,,,down,up,up,,-0.4,,
2026-05-18,回测,1,002910,易方达供给改革,down,-1.5,-2.67,0.76,,,,,up,up,down,,0.83,0,
2026-05-18,回测,1,005698,华夏全球科技,flat,-0.5,-2.38,2.38,,,,,down,up,down,,-1.78,,
2026-05-18,回测,1,024481,财通品质甄选,down,-1,-3.3,0.94,,,,,down,up,down,,1.09,0,
2026-05-18,回测,1,015060,华夏节能环保,flat,-0.5,-1.54,1.54,,,,,down,up,down,,-0.28,,
2026-05-18,回测,1,001672,国寿智慧生活,down,-1,-2.3,0.66,,,,,down,up,down,,1.19,0,
2026-05-19,回测,1,002910,易方达供给改革,down,-1,-2.62,0.75,,,,,up,up,down,,2.85,0,
2026-05-19,回测,1,005698,华夏全球科技,flat,0,-2.39,2.39,,,,,down,up,down,,0.26,,
2026-05-19,回测,1,024481,财通品质甄选,down,-1,-3.23,0.92,,,,,up,up,down,,0.85,0,
2026-05-19,回测,1,015060,华夏节能环保,down,-1,-2.37,0.68,,,,,flat,up,down,,3.73,0,
2026-05-19,回测,1,001672,国寿智慧生活,down,-1,-2.23,0.64,,,,,up,up,down,,2.39,0,
2026-05-20,回测,1,002910,易方达供给改革,flat,0,-1.72,1.72,,,,,up,up,flat,,5.29,,
2026-05-20,回测,1,005698,华夏全球科技,flat,0,-2.38,2.38,,,,,flat,up,down,,2.44,,
2026-05-20,回测,1,024481,财通品质甄选,flat,0,-2.06,2.06,,,,,up,up,flat,,1.23,,
2026-05-20,回测,1,015060,华夏节能环保,flat,0,-1.56,1.56,,,,,up,up,flat,,0.89,,
2026-05-20,回测,1,001672,国寿智慧生活,flat,0,-1.46,1.46,,,,,up,up,flat,,2.41,,
2026-05-21,回测,1,002910,易方达供给改革,flat,0.5,-1.9,1.9,,,,,up,up,up,,-6.15,,
2026-05-21,回测,1,005698,华夏全球科技,up,1,-1.06,3.7,,,,,up,up,up,,-0.57,0,
2026-05-21,回测,1,024481,财通品质甄选,up,1,-0.83,2.91,,,,,up,up,up,,-0.83,0,
2026-05-21,回测,1,015060,华夏节能环保,up,1,-0.68,2.38,,,,,up,up,up,,-2.56,0,
2026-05-21,回测,1,001672,国寿智慧生活,up,1,-0.66,2.31,,,,,up,up,up,,-3.44,0,
2026-05-22,回测,1,002910,易方达供给改革,up,1.5,-1.08,3.79,,,,,down,up,up,,3.03,1,
2026-05-22,回测,1,005698,华夏全球科技,flat,0,-2.38,2.38,,,,,down,up,flat,,4.03,,
2026-05-22,回测,1,024481,财通品质甄选,up,1,-0.84,2.94,,,,,down,up,up,,9.62,1,
2026-05-22,回测,1,015060,华夏节能环保,up,1,-0.74,2.58,,,,,down,up,up,,6.82,1,
2026-05-22,回测,1,001672,国寿智慧生活,up,1.5,-0.77,2.7,,,,,down,up,up,,5.97,1,
2026-05-25,回测,1,002910,易方达供给改革,up,1,-1.07,3.75,,,,,up,up,up,,4.03,1,
2026-05-25,回测,1,005698,华夏全球科技,flat,0,-2.47,2.47,,,,,up,up,up,,1.07,,
2026-05-25,回测,1,024481,财通品质甄选,flat,0.5,-2.6,2.6,,,,,up,up,up,,3.38,,
2026-05-25,回测,1,015060,华夏节能环保,flat,0.5,-2.04,2.04,,,,,up,up,up,,3.18,,
2026-05-25,回测,1,001672,国寿智慧生活,flat,0.5,-2.02,2.02,,,,,up,up,up,,1.63,,
2026-05-26,回测,1,002910,易方达供给改革,flat,0.5,-2.46,2.46,,,,,up,up,up,,-2.14,,
2026-05-26,回测,1,005698,华夏全球科技,flat,0,-2.41,2.41,,,,,up,up,up,,2.28,,
2026-05-26,回测,1,024481,财通品质甄选,flat,0.5,-2.58,2.58,,,,,up,up,up,,1.56,,
2026-05-26,回测,1,015060,华夏节能环保,flat,0.5,-2.06,2.06,,,,,up,up,up,,-2.1,,
2026-05-26,回测,1,001672,国寿智慧生活,flat,0.5,-2.02,2.02,,,,,up,up,up,,-0.82,,
2026-05-27,回测,1,002910,易方达供给改革,up,1,-1.11,3.88,,,,,down,up,up,,-2.85,0,
2026-05-27,回测,1,005698,华夏全球科技,flat,0.5,-2.41,2.41,,,,,up,up,up,,-0.99,,
2026-05-27,回测,1,024481,财通品质甄选,flat,0.5,-2.48,2.48,,,,,up,up,up,,1.58,,
2026-05-27,回测,1,015060,华夏节能环保,up,1,-0.95,3.33,,,,,down,up,up,,1.37,1,
2026-05-27,回测,1,001672,国寿智慧生活,up,1,-0.85,2.98,,,,,down,up,up,,-0.3,0,
2026-05-28,回测,1,002910,易方达供给改革,down,-1,-4.06,1.16,,,,,down,up,down,,2.84,0,
2026-05-28,回测,1,005698,华夏全球科技,flat,0,-2.44,2.44,,,,,down,up,flat,,1.68,,
2026-05-28,回测,1,024481,财通品质甄选,down,-1.5,-3.74,1.07,,,,,up,up,down,,3.51,0,
2026-05-28,回测,1,015060,华夏节能环保,down,-1,-3.29,0.94,,,,,up,up,down,,4.45,0,
2026-05-28,回测,1,001672,国寿智慧生活,down,-1,-3,0.86,,,,,flat,up,down,,3.35,0,
2026-05-29,回测,1,002910,易方达供给改革,flat,0,-2.58,2.58,,,,,up,up,up,,-5.31,,
2026-05-29,回测,1,005698,华夏全球科技,flat,-0.5,-2.4,2.4,,,,,up,up,up,,-1.84,,
2026-05-29,回测,1,024481,财通品质甄选,flat,-0.5,-2.43,2.43,,,,,up,up,up,,-1.46,,
2026-05-29,回测,1,015060,华夏节能环保,flat,-0.5,-2.21,2.21,,,,,up,up,up,,-4.97,,
2026-05-29,回测,1,001672,国寿智慧生活,flat,-0.5,-1.97,1.97,,,,,up,up,up,,-3.21,,
2026-06-01,回测,1,002910,易方达供给改革,flat,0.5,-2.88,2.88,,,,,down,up,flat,,-3.97,,
2026-06-01,回测,1,005698,华夏全球科技,flat,0,-2.27,2.27,,,,,down,up,up,,-1.66,,
2026-06-01,回测,1,024481,财通品质甄选,flat,-0.5,-2.39,2.39,,,,,down,up,flat,,-3.44,,
2026-06-01,回测,1,015060,华夏节能环保,flat,0.5,-2.55,2.55,,,,,down,up,flat,,-4.16,,
2026-06-01,回测,1,001672,国寿智慧生活,flat,0.5,-2.14,2.14,,,,,down,up,flat,,-2.25,,
2026-06-02,回测,1,002910,易方达供给改革,up,2,-1.35,4.73,,,,,down,up,up,,2.58,1,
2026-06-02,回测,1,005698,华夏全球科技,flat,0,-2.33,2.33,,,,,down,up,up,,5.92,,
2026-06-02,回测,1,024481,财通品质甄选,up,1.5,-1.15,4.03,,,,,down,up,up,,5.18,1,
2026-06-02,回测,1,015060,华夏节能环保,up,1.5,-1.22,4.28,,,,,down,up,up,,4.44,1,
2026-06-02,回测,1,001672,国寿智慧生活,up,1,-0.99,3.47,,,,,down,up,up,,4,1,
2026-06-03,回测,1,002910,易方达供给改革,up,1,-1.34,4.68,,,,,up,up,up,,2.06,1,
2026-06-03,回测,1,005698,华夏全球科技,flat,0,-2.53,2.53,,,,,up,up,up,,1.72,,
2026-06-03,回测,1,024481,财通品质甄选,up,1,-1.2,4.21,,,,,up,up,up,,2.8,1,
2026-06-03,回测,1,015060,华夏节能环保,up,1,-1.26,4.42,,,,,up,up,up,,0.61,1,
2026-06-03,回测,1,001672,国寿智慧生活,up,1,-1.03,3.6,,,,,up,up,up,,0.39,1,
2026-06-04,回测,1,002910,易方达供给改革,up,1,-1.34,4.7,,,,,up,up,up,,3.14,1,
2026-06-04,回测,1,005698,华夏全球科技,flat,0,-2.21,2.21,,,,,up,up,flat,,-0.26,,
2026-06-04,回测,1,024481,财通品质甄选,up,1,-1.21,4.23,,,,,up,up,up,,2.19,1,
2026-06-04,回测,1,015060,华夏节能环保,up,1,-1.26,4.41,,,,,up,up,up,,2.3,1,
2026-06-04,回测,1,001672,国寿智慧生活,up,1,-1.01,3.54,,,,,up,up,up,,3.67,1,
2026-06-05,回测,1,002910,易方达供给改革,down,-1,-4.75,1.36,,,,,up,up,down,,-3.47,1,
2026-06-05,回测,1,005698,华夏全球科技,flat,0,-2.2,2.2,,,,,flat,up,down,,-7.96,,
2026-06-05,回测,1,024481,财通品质甄选,down,-1,-4.23,1.21,,,,,up,up,down,,-4.18,1,
2026-06-05,回测,1,015060,华夏节能环保,down,-1,-4.37,1.25,,,,,up,up,down,,-2.82,1,
2026-06-05,回测,1,001672,国寿智慧生活,down,-1,-3.6,1.03,,,,,up,up,down,,-1.5,1,
2026-06-08,回测,1,002910,易方达供给改革,flat,-0.5,-3.13,3.13,,,,,down,up,down,,-3.37,,
2026-06-08,回测,1,005698,华夏全球科技,flat,-0.5,-2.75,2.75,,,,,down,up,down,,0.54,,
2026-06-08,回测,1,024481,财通品质甄选,flat,-0.5,-2.92,2.93,,,,,down,up,down,,-0.16,,
2026-06-08,回测,1,015060,华夏节能环保,down,-1,-4.51,1.29,,,,,down,up,down,,-6.26,1,
2026-06-08,回测,1,001672,国寿智慧生活,down,-1,-3.65,1.04,,,,,down,up,down,,-2.8,1,
2026-06-09,回测,1,002910,易方达供给改革,up,1.5,-1.38,4.84,,,,,down,up,up,,7.74,1,
2026-06-09,回测,1,005698,华夏全球科技,up,1,-1.18,4.13,,,,,up,up,up,,1.59,1,
2026-06-09,回测,1,024481,财通品质甄选,up,1,-1.3,4.55,,,,,flat,up,up,,8.19,1,
2026-06-09,回测,1,015060,华夏节能环保,up,1.5,-1.4,4.9,,,,,down,up,up,,9.76,1,
2026-06-09,回测,1,001672,国寿智慧生活,up,1,-1.09,3.81,,,,,down,up,up,,5.95,1,
2026-06-10,回测,1,002910,易方达供给改革,down,-1,-5.36,1.53,,,,,up,up,down,,0.86,0,
2026-06-10,回测,1,005698,华夏全球科技,down,-1,-4.1,1.17,,,,,up,up,down,,-3.35,1,
2026-06-10,回测,1,024481,财通品质甄选,down,-1.5,-5.03,1.44,,,,,up,up,down,,-2.25,1,
2026-06-10,回测,1,015060,华夏节能环保,down,-1,-5.75,1.64,,,,,up,up,down,,-2.23,1,
2026-06-10,回测,1,001672,国寿智慧生活,down,-1,-4.16,1.19,,,,,up,up,down,,-2.44,1,
2026-06-11,回测,1,002910,易方达供给改革,down,-1,-5.31,1.52,,,,,up,up,down,,3.16,0,
2026-06-11,回测,1,005698,华夏全球科技,flat,0,-2.67,2.67,,,,,down,up,down,,3.94,,
2026-06-11,回测,1,024481,财通品质甄选,down,-1,-5.12,1.46,,,,,down,up,down,,-0.13,1,
2026-06-11,回测,1,015060,华夏节能环保,down,-1,-5.81,1.66,,,,,down,up,down,,-0.4,1,
2026-06-11,回测,1,001672,国寿智慧生活,down,-1,-4.19,1.2,,,,,down,up,down,,-0.44,1,
2026-06-12,回测,1,002910,易方达供给改革,up,1,-1.52,5.33,,,,,up,up,up,,-0.22,0,
2026-06-12,回测,1,005698,华夏全球科技,up,1,-1.24,4.34,,,,,up,up,up,,0.29,1,
2026-06-12,回测,1,024481,财通品质甄选,up,1,-1.39,4.86,,,,,flat,up,up,,0.83,1,
2026-06-12,回测,1,015060,华夏节能环保,up,1,-1.66,5.8,,,,,down,up,up,,-2.68,0,
2026-06-12,回测,1,001672,国寿智慧生活,up,1,-1.17,4.1,,,,,down,up,up,,-0.79,0,
2026-06-15,回测,1,002910,易方达供给改革,flat,0.5,-3.41,3.41,,,,,flat,up,up,,4.58,,
2026-06-15,回测,1,005698,华夏全球科技,flat,0,-2.69,2.69,,,,,flat,up,up,,8.41,,
2026-06-15,回测,1,024481,财通品质甄选,up,1,-1.38,4.82,,,,,up,up,up,,12.16,1,
2026-06-15,回测,1,015060,华夏节能环保,up,1,-1.65,5.77,,,,,down,up,up,,9.57,1,
2026-06-15,回测,1,001672,国寿智慧生活,up,1,-1.18,4.12,,,,,down,up,up,,7.59,1,
2026-06-16,回测,1,002910,易方达供给改革,flat,0.5,-3.51,3.51,,,,,up,up,up,,1.45,,
2026-06-16,回测,1,005698,华夏全球科技,flat,0.5,-3.1,3.1,,,,,up,up,up,,-1.09,,
2026-06-16,回测,1,024481,财通品质甄选,flat,0.5,-3.77,3.77,,,,,up,up,up,,3.88,,
2026-06-16,回测,1,015060,华夏节能环保,flat,0.5,-4.13,4.13,,,,,up,up,up,,4.81,,
2026-06-16,回测,1,001672,国寿智慧生活,flat,0.5,-2.99,2.99,,,,,up,up,up,,3.75,,
2026-06-17,回测,1,002910,易方达供给改革,down,-1.5,-5.42,1.55,,,,,up,up,down,,4.43,0,
2026-06-17,回测,1,005698,华夏全球科技,down,-1.5,-4.86,1.39,,,,,down,up,down,,2.88,0,
2026-06-17,回测,1,024481,财通品质甄选,down,-1.5,-5.88,1.68,,,,,up,up,down,,2.78,0,
2026-06-17,回测,1,015060,华夏节能环保,down,-1.5,-6.48,1.85,,,,,up,up,down,,3.18,0,
2026-06-17,回测,1,001672,国寿智慧生活,down,-1,-4.72,1.35,,,,,up,up,down,,4.79,0,
2026-06-18,回测,1,002910,易方达供给改革,flat,0.5,-3.44,3.44,,,,,up,up,up,,1.37,,
2026-06-18,回测,1,005698,华夏全球科技,flat,-0.5,-3.13,3.13,,,,,up,up,down,,4.58,,
2026-06-18,回测,1,024481,财通品质甄选,flat,0.5,-3.77,3.77,,,,,up,up,up,,3.34,,
2026-06-18,回测,1,015060,华夏节能环保,flat,0.5,-4.19,4.19,,,,,up,up,up,,3.5,,
2026-06-18,回测,1,001672,国寿智慧生活,flat,0.5,-3.11,3.11,,,,,up,up,up,,3.07,,
2026-06-22,回测,1,002910,易方达供给改革,flat,0.5,-3.13,3.13,,,,,up,up,up,,1.48,,
2026-06-22,回测,1,005698,华夏全球科技,flat,0.5,-3.2,3.2,,,,,up,up,up,,3.1,,
2026-06-22,回测,1,024481,财通品质甄选,flat,0.5,-3.73,3.73,,,,,up,up,up,,1.16,,
2026-06-22,回测,1,015060,华夏节能环保,flat,0.5,-4.14,4.14,,,,,up,up,up,,1.03,,
2026-06-22,回测,1,001672,国寿智慧生活,flat,0.5,-2.98,2.98,,,,,up,up,up,,0.74,,
2026-06-23,回测,1,002910,易方达供给改革,flat,0.5,-3.11,3.11,,,,,up,up,up,,0.5,,
2026-06-23,回测,1,005698,华夏全球科技,flat,-0.5,-3.18,3.18,,,,,up,up,flat,,-7.41,,
2026-06-23,回测,1,024481,财通品质甄选,flat,0.5,-3.4,3.4,,,,,up,up,up,,-6.4,,
2026-06-23,回测,1,015060,华夏节能环保,flat,0.5,-3.98,3.98,,,,,up,up,up,,-2.86,,
2026-06-23,回测,1,001672,国寿智慧生活,flat,0.5,-2.83,2.83,,,,,up,up,up,,-5.12,,
2026-06-24,回测,1,002910,易方达供给改革,down,-1.5,-4.72,1.35,,,,,up,up,down,,5.74,0,
2026-06-24,回测,1,005698,华夏全球科技,flat,-0.5,-3.6,3.6,,,,,down,up,down,,1.89,,
2026-06-24,回测,1,024481,财通品质甄选,flat,-0.5,-3.79,3.79,,,,,down,up,down,,2.56,,
2026-06-24,回测,1,015060,华夏节能环保,down,-1.5,-6.27,1.79,,,,,down,up,down,,2.97,0,
2026-06-24,回测,1,001672,国寿智慧生活,flat,-0.5,-3.1,3.1,,,,,down,up,down,,2.97,,
2026-06-25,回测,1,002910,易方达供给改革,flat,-0.5,-3.12,3.12,,,,,up,up,flat,,3.77,,
2026-06-25,回测,1,005698,华夏全球科技,flat,0,-3.59,3.59,,,,,up,up,down,,4.38,,
2026-06-25,回测,1,024481,财通品质甄选,flat,0,-3.8,3.8,,,,,up,up,flat,,5.41,,
2026-06-25,回测,1,015060,华夏节能环保,flat,0,-4,4.01,,,,,up,up,flat,,4.95,,
2026-06-25,回测,1,001672,国寿智慧生活,flat,0,-3.1,3.1,,,,,up,up,flat,,2.46,,
2026-06-26,回测,1,002910,易方达供给改革,flat,0.5,-3.05,3.05,,,,,up,up,up,,1.96,,
2026-06-26,回测,1,005698,华夏全球科技,flat,0,-3.65,3.65,,,,,up,up,up,,-5.03,,
2026-06-26,回测,1,024481,财通品质甄选,up,1,-1.72,6.02,,,,,up,up,up,,-2.3,0,
2026-06-26,回测,1,015060,华夏节能环保,flat,0.5,-4.08,4.08,,,,,up,up,up,,-1.76,,
2026-06-26,回测,1,001672,国寿智慧生活,up,1,-1.38,4.82,,,,,up,up,up,,-0.71,0,
2026-06-29,回测,1,002910,易方达供给改革,down,-1.5,-4.72,1.35,,,,,up,up,down,,6.09,0,
2026-06-29,回测,1,005698,华夏全球科技,flat,-0.5,-3.83,3.83,,,,,down,up,down,,-0.25,,
2026-06-29,回测,1,024481,财通品质甄选,down,-1,-6.12,1.75,,,,,down,up,down,,-3.15,1,
2026-06-29,回测,1,015060,华夏节能环保,down,-1,-6.31,1.8,,,,,down,up,down,,-1.35,1,
2026-06-29,回测,1,001672,国寿智慧生活,down,-1,-4.8,1.37,,,,,down,up,down,,-1.51,1,
2026-06-30,回测,1,002910,易方达供给改革,flat,0.5,-2.82,2.82,,,,,up,up,up,,4.13,,
2026-06-30,回测,1,005698,华夏全球科技,up,1,-1.69,5.92,,,,,flat,up,up,,2.95,1,
2026-06-30,回测,1,024481,财通品质甄选,up,1.5,-1.78,6.23,,,,,down,up,up,,1.96,1,
2026-06-30,回测,1,015060,华夏节能环保,up,1,-1.73,6.06,,,,,down,up,up,,0.6,1,
2026-06-30,回测,1,001672,国寿智慧生活,up,1,-1.34,4.68,,,,,down,up,up,,2.26,1,
2026-07-01,回测,1,002910,易方达供给改革,flat,0.5,-2.55,2.55,,,,,up,up,up,,0,,
2026-07-01,回测,1,005698,华夏全球科技,up,1,-1.69,5.92,,,,,up,up,up,,-3.93,0,
2026-07-01,回测,1,024481,财通品质甄选,up,1,-1.72,6.02,,,,,up,up,up,,-1.25,0,
2026-07-01,回测,1,015060,华夏节能环保,up,1,-1.66,5.81,,,,,up,up,up,,-1.22,0,
2026-07-01,回测,1,001672,国寿智慧生活,up,1,-1.3,4.55,,,,,up,up,up,,-1.24,0,
2026-07-02,回测,1,002910,易方达供给改革,down,-1.5,-4.03,1.15,,,,,flat,up,down,,-6.76,1,
2026-07-02,回测,1,005698,华夏全球科技,flat,-0.5,-3.76,3.76,,,,,down,up,down,,-8.81,,
2026-07-02,回测,1,024481,财通品质甄选,down,-1,-5.98,1.71,,,,,down,up,down,,-7.15,1,
2026-07-02,回测,1,015060,华夏节能环保,down,-1,-5.77,1.65,,,,,down,up,down,,-8.07,1,
2026-07-02,回测,1,001672,国寿智慧生活,down,-1,-4.52,1.29,,,,,down,up,down,,-3.42,1,
2026-07-03,回测,1,002910,易方达供给改革,flat,-0.5,-3.17,3.17,,,,,down,up,down,,-0.49,,
2026-07-03,回测,1,005698,华夏全球科技,flat,0,-4.17,4.17,,,,,down,up,down,,-0.13,,
2026-07-03,回测,1,024481,财通品质甄选,flat,0,-4.19,4.19,,,,,down,up,down,,0.22,,
2026-07-03,回测,1,015060,华夏节能环保,flat,0,-4.15,4.15,,,,,down,up,down,,-2.04,,
2026-07-03,回测,1,001672,国寿智慧生活,flat,-0.5,-3.04,3.04,,,,,down,up,down,,0.22,,
2026-07-06,回测,1,002910,易方达供给改革,down,-1,-4.96,1.42,,,,,down,up,down,,0.35,0,
2026-07-06,回测,1,005698,华夏全球科技,flat,-0.5,-4.17,4.17,,,,,flat,up,down,,-2.36,,
2026-07-06,回测,1,024481,财通品质甄选,flat,-0.5,-4.19,4.19,,,,,flat,up,down,,-5.17,,
2026-07-06,回测,1,015060,华夏节能环保,flat,-0.5,-4.17,4.17,,,,,down,up,down,,-5.3,,
2026-07-06,回测,1,001672,国寿智慧生活,down,-1,-4.65,1.33,,,,,flat,up,down,,-3.89,1,
2026-07-07,回测,1,002910,易方达供给改革,up,1,-1.34,4.69,,,,,up,up,up,,-0.05,0,
2026-07-07,回测,1,005698,华夏全球科技,up,1.5,-1.72,6.02,,,,,down,up,up,,-3.5,0,
2026-07-07,回测,1,024481,财通品质甄选,up,2,-1.88,6.59,,,,,down,up,up,,-0.14,0,
2026-07-07,回测,1,015060,华夏节能环保,up,2,-1.9,6.65,,,,,down,up,up,,-1.55,0,
2026-07-07,回测,1,001672,国寿智慧生活,up,1.5,-1.38,4.82,,,,,down,up,up,,-2.78,0,
2026-07-08,回测,1,002910,易方达供给改革,down,-1,-4.41,1.26,,,,,flat,up,down,,-0.12,1,
2026-07-08,回测,1,005698,华夏全球科技,flat,0,-3.93,3.93,,,,,down,up,down,,-0.24,,
2026-07-08,回测,1,024481,财通品质甄选,flat,-0.5,-4.24,4.24,,,,,flat,up,down,,-3.67,,
2026-07-08,回测,1,015060,华夏节能环保,flat,-0.5,-4.07,4.07,,,,,down,up,down,,-2.34,,
2026-07-08,回测,1,001672,国寿智慧生活,flat,-0.5,-3.1,3.1,,,,,down,up,down,,-3.36,,
2026-07-09,回测,1,002910,易方达供给改革,up,1,-1.15,4.03,,,,,flat,up,up,,1.14,1,
2026-07-09,回测,1,005698,华夏全球科技,flat,0.5,-3.91,3.91,,,,,flat,up,flat,,5.94,,
2026-07-09,回测,1,024481,财通品质甄选,up,2,-1.78,6.24,,,,,down,up,up,,4.84,1,
2026-07-09,回测,1,015060,华夏节能环保,up,1.5,-1.6,5.6,,,,,down,up,up,,4.45,1,
2026-07-09,回测,1,001672,国寿智慧生活,up,2,-1.32,4.63,,,,,down,up,up,,5.22,1,
2026-07-10,回测,1,002910,易方达供给改革,up,1,-1.15,4.02,,,,,up,up,up,,-1.72,0,
2026-07-10,回测,1,005698,华夏全球科技,up,1,-1.8,6.29,,,,,up,up,up,,-4.54,0,
2026-07-10,回测,1,024481,财通品质甄选,up,1,-1.82,6.36,,,,,up,up,up,,-4.38,0,
2026-07-10,回测,1,015060,华夏节能环保,up,1,-1.64,5.73,,,,,up,up,up,,-5.46,0,
2026-07-10,回测,1,001672,国寿智慧生活,up,1,-1.38,4.82,,,,,up,up,up,,-3.77,0,
2026-07-13,回测,1,002910,易方达供给改革,flat,0,-2.65,2.65,,,,,down,up,flat,,-2.03,,
2026-07-13,回测,1,005698,华夏全球科技,flat,0.5,-4.08,4.08,,,,,down,up,up,,-6.45,,
2026-07-13,回测,1,024481,财通品质甄选,up,1,-1.87,6.54,,,,,down,up,flat,,-6.35,0,
2026-07-13,回测,1,015060,华夏节能环保,up,1,-1.71,5.99,,,,,down,up,flat,,-7.53,0,
2026-07-13,回测,1,001672,国寿智慧生活,up,1,-1.42,4.98,,,,,down,up,flat,,-6.9,0,
2026-07-14,回测,1,002910,易方达供给改革,down,-1,-4.23,1.21,,,,,down,up,down,,1.93,0,
2026-07-14,回测,1,005698,华夏全球科技,flat,0,-4.27,4.27,,,,,down,up,down,,3.32,,
2026-07-14,回测,1,024481,财通品质甄选,flat,0,-4.4,4.4,,,,,down,up,down,,10.04,,
2026-07-14,回测,1,015060,华夏节能环保,flat,0,-4.11,4.11,,,,,down,up,down,,6.35,,
2026-07-14,回测,1,001672,国寿智慧生活,flat,0,-3.52,3.52,,,,,down,up,down,,5.15,,
2026-07-15,回测,1,002910,易方达供给改革,up,1,-1.17,4.09,,,,,up,up,up,,0.24,1,
2026-07-15,回测,1,005698,华夏全球科技,up,1,-1.74,6.1,,,,,up,up,up,,-2.83,0,
2026-07-15,回测,1,024481,财通品质甄选,up,1,-1.85,6.48,,,,,up,up,up,,-3.66,0,
2026-07-15,回测,1,015060,华夏节能环保,up,1,-1.7,5.95,,,,,up,up,up,,-4.64,0,
2026-07-15,回测,1,001672,国寿智慧生活,up,1,-1.48,5.17,,,,,up,up,up,,-3.91,0,
2026-07-16,回测,1,002910,易方达供给改革,down,-1,-4.1,1.17,,,,,flat,up,down,,-1.24,1,
2026-07-16,回测,1,005698,华夏全球科技,flat,0,-3.94,3.94,,,,,down,up,flat,,-5.26,,
2026-07-16,回测,1,024481,财通品质甄选,flat,-0.5,-4.13,4.13,,,,,down,up,down,,-3.48,,
2026-07-16,回测,1,015060,华夏节能环保,flat,-0.5,-3.75,3.75,,,,,down,up,down,,-6.35,,
2026-07-16,回测,1,001672,国寿智慧生活,flat,-0.5,-3.3,3.3,,,,,down,up,down,,-4.55,,
2026-07-17,回测,1,002910,易方达供给改革,down,-1,-4.02,1.15,,,,,down,up,down,,-3.87,1,
2026-07-17,回测,1,005698,华夏全球科技,flat,0,-3.96,3.96,,,,,down,up,down,,-5.88,,
2026-07-17,回测,1,024481,财通品质甄选,flat,-0.5,-4.1,4.1,,,,,down,up,down,,-9.45,,
2026-07-17,回测,1,015060,华夏节能环保,flat,0,-3.81,3.81,,,,,down,up,down,,-9.88,,
2026-07-17,回测,1,001672,国寿智慧生活,flat,0,-3.19,3.2,,,,,down,up,down,,-9.17,,
2026-07-20,回测,1,002910,易方达供给改革,flat,-0.5,-2.74,2.75,,,,,down,up,down,,2.39,,
2026-07-20,回测,1,005698,华夏全球科技,flat,0,-3.86,3.86,,,,,down,up,down,,-0.39,,
2026-07-20,回测,1,024481,财通品质甄选,flat,0,-4.35,4.35,,,,,down,up,down,,-8.66,,
2026-07-20,回测,1,015060,华夏节能环保,flat,0,-4.03,4.03,,,,,down,up,down,,-11.54,,
2026-07-20,回测,1,001672,国寿智慧生活,flat,0,-3.47,3.47,,,,,down,up,down,,-9.39,,
2026-07-21,回测,1,002910,易方达供给改革,flat,0,-2.76,2.76,,,,,up,up,up,,2.24,,
2026-07-21,回测,1,005698,华夏全球科技,flat,0.5,-3.74,3.74,,,,,down,up,flat,,4.74,,
2026-07-21,回测,1,024481,财通品质甄选,up,1,-2.01,7.04,,,,,down,up,up,,9.03,1,
2026-07-21,回测,1,015060,华夏节能环保,up,1,-1.96,6.85,,,,,down,up,up,,12.1,1,
2026-07-21,回测,1,001672,国寿智慧生活,up,1,-1.68,5.88,,,,,down,up,up,,8.12,1,
2026-07-22,回测,1,002910,易方达供给改革,up,1,-1.24,4.33,,,,,up,up,up,,1,1,
2026-07-22,回测,1,005698,华夏全球科技,up,1.5,-1.68,5.88,,,,,up,up,up,,-1.89,0,
2026-07-22,回测,1,024481,财通品质甄选,up,1.5,-2.2,7.69,,,,,up,up,up,,-5.18,0,
2026-07-22,回测,1,015060,华夏节能环保,up,1.5,-2.36,8.26,,,,,up,up,up,,-5.12,0,
2026-07-22,回测,1,001672,国寿智慧生活,up,1.5,-1.88,6.58,,,,,up,up,up,,-3.13,0,
2026-07-23,回测,1,002910,易方达供给改革,flat,0,-2.56,2.57,,,,,up,up,up,,0.18,,
2026-07-23,回测,1,005698,华夏全球科技,flat,0.5,-3.72,3.72,,,,,down,up,down,,-1.22,,
2026-07-23,回测,1,024481,财通品质甄选,up,1,-2.19,7.67,,,,,down,up,up,,0.51,1,
2026-07-23,回测,1,015060,华夏节能环保,up,1,-2.33,8.15,,,,,down,up,up,,2.02,1,
2026-07-23,回测,1,001672,国寿智慧生活,up,1,-1.84,6.44,,,,,down,up,up,,-0.39,0,
2026-07-24,回测,1,002910,易方达供给改革,flat,0,-2.47,2.47,,,,,flat,up,down,,-3.13,,
2026-07-24,回测,1,005698,华夏全球科技,down,-1,-5.45,1.56,,,,,down,up,down,,-3.14,1,
2026-07-24,回测,1,024481,财通品质甄选,flat,0.5,-4.73,4.73,,,,,up,up,down,,-2.9,,
2026-07-24,回测,1,015060,华夏节能环保,flat,0.5,-5.1,5.1,,,,,up,up,down,,-4.01,,
2026-07-24,回测,1,001672,国寿智慧生活,flat,0.5,-4.06,4.06,,,,,down,up,down,,-3.21,,
2026-07-27,回测,1,002910,易方达供给改革,flat,-0.5,-2.53,2.53,,,,,down,up,down,,1.23,,
2026-07-27,回测,1,005698,华夏全球科技,flat,-0.5,-3.45,3.45,,,,,down,up,down,,-0.3,,
2026-07-27,回测,1,024481,财通品质甄选,down,-1,-7.36,2.1,,,,,down,up,down,,6.28,0,
2026-07-27,回测,1,015060,华夏节能环保,flat,-0.5,-5.1,5.1,,,,,down,up,down,,9.41,,
2026-07-27,回测,1,001672,国寿智慧生活,flat,-0.5,-4.06,4.06,,,,,down,up,down,,5.33,,
2026-07-28,回测,1,002910,易方达供给改革,down,-1,-3.43,0.98,,,,,up,up,down,,-1.03,1,
2026-07-28,回测,1,005698,华夏全球科技,flat,0,-3.45,3.45,,,,,flat,up,down,,-7.55,,
2026-07-28,回测,1,024481,财通品质甄选,down,-1,-7.77,2.22,,,,,up,up,down,,-10.03,1,
2026-07-28,回测,1,015060,华夏节能环保,down,-1.5,-8.78,2.51,,,,,up,up,down,,-7.22,1,
2026-07-28,回测,1,001672,国寿智慧生活,down,-1,-6.72,1.92,,,,,up,up,down,,-6.14,1,
2026-07-29,回测,1,002910,易方达供给改革,down,-1,-3.12,0.89,,,,,down,up,down,,1.74,0,
2026-07-29,回测,1,005698,华夏全球科技,up,1,-1.55,5.43,,,,,down,up,down,,-2.45,0,
2026-07-29,回测,1,024481,财通品质甄选,flat,0,-5.23,5.23,,,,,down,up,down,,1.66,,
2026-07-29,回测,1,015060,华夏节能环保,flat,-0.5,-5.71,5.71,,,,,down,up,down,,4.65,,
2026-07-29,回测,1,001672,国寿智慧生活,flat,-0.5,-4.32,4.32,,,,,down,up,down,,-0.65,,
2026-07-30,回测,1,002910,易方达供给改革,down,-1,-3.19,0.91,,,,,up,up,down,,-1.36,1,
2026-07-30,回测,1,005698,华夏全球科技,flat,-0.5,-3.47,3.47,,,,,down,up,down,,-1.47,,
2026-07-30,回测,1,024481,财通品质甄选,down,-1,-8.22,2.35,,,,,up,up,down,,-5.64,1,
2026-07-30,回测,1,015060,华夏节能环保,down,-1,-9.14,2.61,,,,,up,up,down,,-1.16,1,
2026-07-30,回测,1,001672,国寿智慧生活,down,-1,-6.73,1.92,,,,,down,up,down,,-5.35,1,
2026-07-31,回测,1,002910,易方达供给改革,up,1,-0.7,2.44,,,,,down,up,up,,1.55,1,
2026-07-31,回测,1,005698,华夏全球科技,up,1.5,-1.41,4.94,,,,,down,up,up,,1.23,1,
2026-07-31,回测,1,024481,财通品质甄选,up,2,-2.32,8.12,,,,,down,up,up,,4.15,1,
2026-07-31,回测,1,015060,华夏节能环保,up,1,-2.55,8.93,,,,,down,up,up,,0.6,1,
2026-07-31,回测,1,001672,国寿智慧生活,up,2,-1.94,6.8,,,,,down,up,up,,4.95,1,
2026-08-03,回测,1,002910,易方达供给改革,flat,0,-1.6,1.6,,,,,up,up,flat,,-2.46,,
2026-08-03,回测,1,005698,华夏全球科技,flat,0.5,-3.21,3.21,,,,,up,up,up,,-0.06,,
2026-08-03,回测,1,024481,财通品质甄选,flat,0,-5.35,5.35,,,,,up,up,flat,,-1.8,,
2026-08-03,回测,1,015060,华夏节能环保,flat,0,-5.76,5.76,,,,,up,up,flat,,-2.7,,
2026-08-03,回测,1,001672,国寿智慧生活,flat,0,-4.58,4.58,,,,,up,up,flat,,-2.57,,
2026-08-04,回测,1,002910,易方达供给改革,up,1,-0.74,2.6,,,,,down,up,up,,2.5,1,
2026-08-04,回测,1,005698,华夏全球科技,up,1.5,-1.44,5.03,,,,,flat,up,up,,4.62,1,
2026-08-04,回测,1,024481,财通品质甄选,up,1.5,-2.35,8.23,,,,,down,up,up,,9.34,1,
2026-08-04,回测,1,015060,华夏节能环保,up,1,-2.54,8.89,,,,,down,up,up,,5.34,1,
2026-08-04,回测,1,001672,国寿智慧生活,up,1.5,-2.03,7.1,,,,,down,up,up,,5.82,1,
2026-08-05,回测,1,002910,易方达供给改革,up,1,-0.78,2.73,,,,,up,up,up,,3.69,1,
2026-08-05,回测,1,005698,华夏全球科技,up,1,-1.52,5.33,,,,,up,up,up,,0.9,1,
2026-08-05,回测,1,024481,财通品质甄选,up,1,-2.54,8.9,,,,,up,up,up,,4.27,1,
2026-08-05,回测,1,015060,华夏节能环保,up,1,-2.61,9.14,,,,,up,up,up,,7.3,1,
2026-08-05,回测,1,001672,国寿智慧生活,up,1,-2.14,7.48,,,,,up,up,up,,5.74,1,
2026-08-06,回测,1,002910,易方达供给改革,down,-1,-2.97,0.85,,,,,up,up,down,,0.92,0,
2026-08-06,回测,1,005698,华夏全球科技,flat,0,-3.46,3.46,,,,,up,up,down,,0.54,,
2026-08-06,回测,1,024481,财通品质甄选,down,-1.5,-9,2.57,,,,,up,up,down,,1.81,0,
2026-08-06,回测,1,015060,华夏节能环保,down,-1.5,-9.51,2.72,,,,,up,up,down,,2.09,0,
2026-08-06,回测,1,001672,国寿智慧生活,down,-1.5,-7.77,2.22,,,,,up,up,down,,1.86,0,
2026-08-07,回测,1,002910,易方达供给改革,flat,0,-1.91,1.91,,,,,up,up,up,,2.72,,
2026-08-07,回测,1,005698,华夏全球科技,flat,0,-3.14,3.14,,,,,up,up,down,,3.24,,
2026-08-07,回测,1,024481,财通品质甄选,flat,-0.5,-5.7,5.7,,,,,up,up,up,,4.07,,
2026-08-07,回测,1,015060,华夏节能环保,flat,-0.5,-6.05,6.05,,,,,up,up,up,,3.24,,
2026-08-07,回测,1,001672,国寿智慧生活,flat,-0.5,-4.86,4.86,,,,,up,up,up,,3.77,,
2026-08-10,回测,1,002910,易方达供给改革,up,1,-0.86,3,,,,,up,up,up,,-0.15,0,
2026-08-10,回测,1,005698,华夏全球科技,flat,0.5,-3.19,3.2,,,,,up,up,up,,-1.68,,
2026-08-10,回测,1,024481,财通品质甄选,flat,0.5,-5.71,5.72,,,,,up,up,up,,-0.11,,
2026-08-10,回测,1,015060,华夏节能环保,flat,0.5,-6.01,6.01,,,,,up,up,up,,1.96,,
2026-08-10,回测,1,001672,国寿智慧生活,flat,0.5,-4.92,4.92,,,,,up,up,up,,-0.36,,
2026-08-11,回测,1,002910,易方达供给改革,down,-1.5,-2.9,0.83,,,,,flat,up,down,,-1.64,1,
2026-08-11,回测,1,005698,华夏全球科技,flat,0,-2.99,2.99,,,,,down,up,down,,-0.53,,
2026-08-11,回测,1,024481,财通品质甄选,down,-1.5,-8.67,2.48,,,,,flat,up,down,,-0.15,1,
2026-08-11,回测,1,015060,华夏节能环保,down,-1.5,-9.07,2.59,,,,,up,up,down,,1.13,0,
2026-08-11,回测,1,001672,国寿智慧生活,down,-1.5,-7.38,2.11,,,,,down,up,down,,-1.08,1,
2026-08-12,回测,1,002910,易方达供给改革,flat,0,-1.88,1.88,,,,,down,up,up,,0.05,,
2026-08-12,回测,1,005698,华夏全球科技,flat,0,-2.86,2.86,,,,,down,up,down,,3.31,,
2026-08-12,回测,1,024481,财通品质甄选,flat,-0.5,-5.15,5.15,,,,,flat,up,up,,2.42,,
2026-08-12,回测,1,015060,华夏节能环保,flat,-0.5,-5.69,5.69,,,,,up,up,up,,1.01,,
2026-08-12,回测,1,001672,国寿智慧生活,flat,-0.5,-4.6,4.6,,,,,down,up,up,,2.73,,
2026-08-13,回测,1,002910,易方达供给改革,up,1,-0.84,2.93,,,,,flat,up,up,,-1.4,0,
2026-08-13,回测,1,005698,华夏全球科技,flat,0,-2.95,2.95,,,,,up,up,up,,0.22,,
2026-08-13,回测,1,024481,财通品质甄选,flat,0.5,-5.14,5.14,,,,,up,up,up,,-0.86,,
2026-08-13,回测,1,015060,华夏节能环保,flat,0.5,-5.61,5.61,,,,,up,up,up,,-2.6,,
2026-08-13,回测,1,001672,国寿智慧生活,up,1,-2.04,7.15,,,,,up,up,up,,-0.46,0,
2026-08-14,回测,1,002910,易方达供给改革,flat,0,-1.89,1.89,,,,,down,up,up,,0.99,,
2026-08-14,回测,1,005698,华夏全球科技,up,1,-1.24,4.34,,,,,flat,up,up,,1.16,1,
2026-08-14,回测,1,024481,财通品质甄选,flat,0,-5.09,5.09,,,,,down,up,up,,2.52,,
2026-08-14,回测,1,015060,华夏节能环保,flat,0,-5.47,5.47,,,,,down,up,up,,3.35,,
2026-08-14,回测,1,001672,国寿智慧生活,flat,0,-4.51,4.51,,,,,down,up,up,,1.96,,
2026-08-17,回测,1,002910,易方达供给改革,flat,0,-1.68,1.68,,,,,up,up,down,,2.82,,
2026-08-17,回测,1,005698,华夏全球科技,flat,0,-2.55,2.55,,,,,up,up,flat,,4.19,,
2026-08-17,回测,1,024481,财通品质甄选,flat,0,-4.71,4.71,,,,,up,up,down,,4.31,,
2026-08-17,回测,1,015060,华夏节能环保,flat,0,-5.05,5.05,,,,,up,up,down,,2.37,,
2026-08-17,回测,1,001672,国寿智慧生活,flat,0,-4.1,4.1,,,,,up,up,down,,2.83,,
2026-08-18,回测,1,002910,易方达供给改革,up,1,-0.76,2.65,,,,,up,up,up,,-0.08,0,
2026-08-18,回测,1,005698,华夏全球科技,flat,-0.5,-2.69,2.69,,,,,up,up,flat,,-3.64,,
2026-08-18,回测,1,024481,财通品质甄选,flat,0.5,-4.34,4.34,,,,,up,up,up,,-1.02,,
2026-08-18,回测,1,015060,华夏节能环保,up,1,-1.91,6.69,,,,,up,up,up,,-0.5,0,
2026-08-18,回测,1,001672,国寿智慧生活,up,1,-1.58,5.54,,,,,up,up,up,,-0.44,0,
2026-08-19,回测,1,002910,易方达供给改革,down,-1,-2.59,0.74,,,,,flat,up,down,,-4.17,1,
2026-08-19,回测,1,005698,华夏全球科技,flat,-0.5,-2.61,2.61,,,,,down,up,down,,-5.93,,
2026-08-19,回测,1,024481,财通品质甄选,down,-1,-6.26,1.79,,,,,down,up,down,,-8.08,1,
2026-08-19,回测,1,015060,华夏节能环保,down,-1,-5.77,1.65,,,,,down,up,down,,-9.23,1,
2026-08-19,回测,1,001672,国寿智慧生活,down,-1,-5.04,1.44,,,,,down,up,down,,-8.5,1,
2026-08-20,回测,1,002910,易方达供给改革,flat,-0.5,-1.9,1.9,,,,,down,up,down,,0.31,,
2026-08-20,回测,1,005698,华夏全球科技,flat,0.5,-2.83,2.84,,,,,down,up,flat,,1.29,,
2026-08-20,回测,1,024481,财通品质甄选,flat,-0.5,-4.24,4.24,,,,,down,up,down,,0.4,,
2026-08-20,回测,1,015060,华夏节能环保,flat,-0.5,-4.07,4.07,,,,,down,up,down,,1.56,,
2026-08-20,回测,1,001672,国寿智慧生活,flat,-0.5,-3.65,3.65,,,,,down,up,down,,1.46,,
2026-08-21,回测,1,002910,易方达供给改革,flat,0,-1.9,1.9,,,,,up,up,up,,-0.02,,
2026-08-21,回测,1,005698,华夏全球科技,flat,0,-2.85,2.85,,,,,up,up,down,,0.57,,
2026-08-21,回测,1,024481,财通品质甄选,flat,0,-4.24,4.24,,,,,up,up,up,,1.68,,
2026-08-21,回测,1,015060,华夏节能环保,flat,0,-4.07,4.07,,,,,up,up,up,,1.57,,
2026-08-21,回测,1,001672,国寿智慧生活,flat,0,-3.65,3.65,,,,,up,up,up,,2.28,,
2026-08-24,回测,1,002910,易方达供给改革,flat,0,-1.76,1.76,,,,,flat,up,down,,-1.29,,
2026-08-24,回测,1,005698,华夏全球科技,flat,0,-2.79,2.79,,,,,up,up,up,,-4.01,,
2026-08-24,回测,1,024481,财通品质甄选,flat,0,-4.18,4.18,,,,,up,up,down,,-4.86,,
2026-08-24,回测,1,015060,华夏节能环保,flat,0,-3.93,3.93,,,,,up,up,down,,-3.36,,
2026-08-24,回测,1,001672,国寿智慧生活,flat,0,-3.59,3.59,,,,,up,up,down,,-3.09,,
2026-08-25,回测,1,002910,易方达供给改革,down,-1,-2.77,0.79,,,,,down,up,down,,-0.02,1,
2026-08-25,回测,1,005698,华夏全球科技,up,1,-1.29,4.51,,,,,down,up,down,,1.26,1,
2026-08-25,回测,1,024481,财通品质甄选,flat,0,-4.15,4.15,,,,,down,up,down,,-0.28,,
2026-08-25,回测,1,015060,华夏节能环保,flat,0,-3.62,3.62,,,,,down,up,down,,-0.63,,
2026-08-25,回测,1,001672,国寿智慧生活,flat,0,-3.53,3.53,,,,,down,up,down,,0.3,,
2026-08-26,回测,1,002910,易方达供给改革,up,1,-0.78,2.74,,,,,flat,up,up,,1.02,1,
2026-08-26,回测,1,005698,华夏全球科技,flat,0,-2.47,2.48,,,,,up,up,up,,0.4,,
2026-08-26,回测,1,024481,财通品质甄选,up,1.5,-1.58,5.52,,,,,flat,up,up,,-0.67,0,
2026-08-26,回测,1,015060,华夏节能环保,up,1.5,-1.44,5.04,,,,,down,up,up,,-0.76,0,
2026-08-26,回测,1,001672,国寿智慧生活,up,1,-1.45,5.07,,,,,flat,up,up,,0.07,1,
2026-08-27,回测,1,002910,易方达供给改革,flat,0,-1.75,1.75,,,,,up,up,flat,,1.52,,
2026-08-27,回测,1,005698,华夏全球科技,flat,0,-2.41,2.41,,,,,up,up,flat,,3.69,,
2026-08-27,回测,1,024481,财通品质甄选,flat,0,-3.55,3.56,,,,,down,up,flat,,4.39,,
2026-08-27,回测,1,015060,华夏节能环保,flat,0,-3.15,3.15,,,,,down,up,flat,,4.62,,
2026-08-27,回测,1,001672,国寿智慧生活,flat,0,-3.25,3.25,,,,,flat,up,flat,,4.22,,
2026-08-28,回测,1,002910,易方达供给改革,up,1,-0.77,2.69,,,,,up,up,up,,-0.45,0,
2026-08-28,回测,1,005698,华夏全球科技,up,1,-1.1,3.85,,,,,up,up,up,,-2.8,0,
2026-08-28,回测,1,024481,财通品质甄选,up,1,-1.5,5.25,,,,,up,up,up,,-1.76,0,
2026-08-28,回测,1,015060,华夏节能环保,up,1,-1.44,5.03,,,,,up,up,up,,-1.03,0,
2026-08-28,回测,1,001672,国寿智慧生活,up,1,-1.36,4.77,,,,,up,up,up,,-1.03,0,
2026-08-31,回测,1,002910,易方达供给改革,down,-1,-2.67,0.76,,,,,down,up,down,,0.79,0,
2026-08-31,回测,1,005698,华夏全球科技,flat,0,-2.56,2.56,,,,,down,up,down,,1.31,,
2026-08-31,回测,1,024481,财通品质甄选,down,-1,-5.22,1.49,,,,,down,up,down,,1.96,0,
2026-08-31,回测,1,015060,华夏节能环保,down,-1,-5.05,1.44,,,,,down,up,down,,1.4,0,
2026-08-31,回测,1,001672,国寿智慧生活,down,-1,-4.63,1.32,,,,,down,up,down,,2.58,0,
2026-09-01,回测,1,002910,易方达供给改革,flat,0,-1.62,1.62,,,,,up,up,up,,-0.74,,
2026-09-01,回测,1,005698,华夏全球科技,flat,0,-2.56,2.57,,,,,up,up,flat,,-3.17,,
2026-09-01,回测,1,024481,财通品质甄选,flat,0,-3.31,3.31,,,,,up,up,up,,-4.08,,
2026-09-01,回测,1,015060,华夏节能环保,flat,0,-3.17,3.17,,,,,up,up,up,,-3.75,,
2026-09-01,回测,1,001672,国寿智慧生活,flat,0,-2.92,2.92,,,,,up,up,up,,-3.77,,
2026-09-02,回测,1,002910,易方达供给改革,down,-1,-2.45,0.7,,,,,down,up,down,,-1.4,1,
2026-09-02,回测,1,005698,华夏全球科技,flat,-0.5,-2.49,2.49,,,,,down,up,down,,-0.82,,
2026-09-02,回测,1,024481,财通品质甄选,flat,-0.5,-2.95,2.95,,,,,down,up,down,,-1.74,,
2026-09-02,回测,1,015060,华夏节能环保,flat,-0.5,-3.16,3.16,,,,,down,up,down,,-1.1,,
2026-09-02,回测,1,001672,国寿智慧生活,flat,-0.5,-2.88,2.88,,,,,down,up,down,,-1.42,,
2026-09-03,回测,1,002910,易方达供给改革,flat,0,-1.42,1.42,,,,,down,up,up,,0.5,,
2026-09-03,回测,1,005698,华夏全球科技,flat,0,-2.49,2.49,,,,,down,up,flat,,0.32,,
2026-09-03,回测,1,024481,财通品质甄选,flat,0,-2.85,2.85,,,,,down,up,up,,0.21,,
2026-09-03,回测,1,015060,华夏节能环保,flat,0,-2.83,2.83,,,,,down,up,up,,0.43,,
2026-09-03,回测,1,001672,国寿智慧生活,flat,0,-2.68,2.68,,,,,down,up,up,,0.74,,
2026-09-04,回测,1,002910,易方达供给改革,flat,0,-1.41,1.41,,,,,up,up,flat,,-0.99,,
2026-09-04,回测,1,005698,华夏全球科技,up,1,-1.11,3.88,,,,,up,up,up,,0.14,1,
2026-09-04,回测,1,024481,财通品质甄选,flat,0,-2.83,2.83,,,,,flat,up,flat,,-2.7,,
2026-09-04,回测,1,015060,华夏节能环保,flat,0,-2.79,2.79,,,,,up,up,flat,,-3.26,,
2026-09-04,回测,1,001672,国寿智慧生活,flat,0,-2.66,2.66,,,,,up,up,flat,,-2.67,,
2026-09-07,回测,1,002910,易方达供给改革,up,1,-0.58,2.03,,,,,down,up,up,,-0.66,0,
2026-09-07,回测,1,005698,华夏全球科技,flat,0,-2.39,2.39,,,,,flat,up,flat,,3.69,,
2026-09-07,回测,1,024481,财通品质甄选,up,1,-1.21,4.24,,,,,down,up,up,,7.99,1,
2026-09-07,回测,1,015060,华夏节能环保,up,1.5,-1.23,4.31,,,,,down,up,up,,5.01,1,
2026-09-07,回测,1,001672,国寿智慧生活,up,1,-1.16,4.05,,,,,down,up,up,,4.36,1,
2026-09-08,回测,1,002910,易方达供给改革,up,1,-0.58,2.03,,,,,down,up,up,,0.8,1,
2026-09-08,回测,1,005698,华夏全球科技,flat,0,-2.49,2.49,,,,,up,up,flat,,0.46,,
2026-09-08,回测,1,024481,财通品质甄选,up,1,-1.43,5,,,,,up,up,up,,-0.31,0,
2026-09-08,回测,1,015060,华夏节能环保,up,1,-1.31,4.58,,,,,up,up,up,,-1.54,0,
2026-09-08,回测,1,001672,国寿智慧生活,up,1,-1.22,4.28,,,,,up,up,up,,-1.48,0,
2026-09-09,回测,1,002910,易方达供给改革,up,1,-0.57,2,,,,,up,up,up,,0.99,1,
2026-09-09,回测,1,005698,华夏全球科技,flat,0,-2.49,2.49,,,,,up,up,flat,,0.78,,
2026-09-09,回测,1,024481,财通品质甄选,up,1,-1.43,5,,,,,down,up,up,,0.23,1,
2026-09-09,回测,1,015060,华夏节能环保,up,1,-1.31,4.58,,,,,down,up,up,,0.29,1,
2026-09-09,回测,1,001672,国寿智慧生活,up,1,-1.23,4.3,,,,,down,up,up,,0.18,1,
2026-09-10,回测,1,002910,易方达供给改革,flat,0,-1.3,1.31,,,,,up,up,up,,-1.07,,
2026-09-10,回测,1,005698,华夏全球科技,flat,0,-2.4,2.4,,,,,up,up,flat,,-1.73,,
2026-09-10,回测,1,024481,财通品质甄选,flat,0,-3.17,3.17,,,,,flat,up,up,,0.51,,
2026-09-10,回测,1,015060,华夏节能环保,flat,0,-2.93,2.93,,,,,flat,up,up,,-0.83,,
2026-09-10,回测,1,001672,国寿智慧生活,flat,0,-2.71,2.71,,,,,flat,up,up,,-0.95,,
2026-09-11,回测,1,002910,易方达供给改革,down,-1,-2.02,0.58,,,,,down,up,down,,-2.34,1,
2026-09-11,回测,1,005698,华夏全球科技,down,-1,-3.78,1.08,,,,,down,up,down,,-0.02,1,
2026-09-11,回测,1,024481,财通品质甄选,down,-1,-4.93,1.41,,,,,up,up,down,,1.32,0,
2026-09-11,回测,1,015060,华夏节能环保,down,-1,-4.51,1.29,,,,,down,up,down,,2.98,0,
2026-09-11,回测,1,001672,国寿智慧生活,down,-1,-4.21,1.2,,,,,down,up,down,,-1.03,1,
2026-09-14,回测,1,002910,易方达供给改革,up,1,-0.6,2.1,,,,,down,up,up,,0.15,1,
2026-09-14,回测,1,005698,华夏全球科技,flat,0,-2.41,2.41,,,,,flat,up,up,,-3.77,,
2026-09-14,回测,1,024481,财通品质甄选,flat,0.5,-3.14,3.14,,,,,up,up,up,,-0.79,,
2026-09-14,回测,1,015060,华夏节能环保,up,1,-1.28,4.48,,,,,up,up,up,,2.95,1,
2026-09-14,回测,1,001672,国寿智慧生活,up,1,-1.19,4.17,,,,,down,up,up,,0.74,1,
2026-09-15,回测,1,002910,易方达供给改革,down,-1,-1.85,0.53,,,,,flat,up,down,,-0.55,1,
2026-09-15,回测,1,005698,华夏全球科技,flat,0.5,-2.32,2.32,,,,,down,up,down,,0.28,,
2026-09-15,回测,1,024481,财通品质甄选,down,-1,-4.66,1.33,,,,,down,up,down,,0.7,0,
2026-09-15,回测,1,015060,华夏节能环保,down,-1,-4.51,1.29,,,,,up,up,down,,-0.71,1,
2026-09-15,回测,1,001672,国寿智慧生活,down,-1,-4.06,1.16,,,,,up,up,down,,0.74,0,
2026-09-16,回测,1,002910,易方达供给改革,flat,0,-1.19,1.19,,,,,down,up,up,,0.84,,
2026-09-16,回测,1,005698,华夏全球科技,flat,0,-2.24,2.24,,,,,flat,up,down,,2.64,,
2026-09-16,回测,1,024481,财通品质甄选,flat,0,-3,3,,,,,up,up,up,,3.33,,
2026-09-16,回测,1,015060,华夏节能环保,flat,0,-2.91,2.91,,,,,down,up,up,,3.05,,
2026-09-16,回测,1,001672,国寿智慧生活,flat,0,-2.62,2.62,,,,,up,up,up,,2.27,,
2026-09-17,回测,1,002910,易方达供给改革,flat,0,-0.9,0.9,,,,,up,up,up,,-0.75,,
2026-09-17,回测,1,005698,华夏全球科技,flat,0,-1.99,1.99,,,,,up,up,flat,,1.2,,
2026-09-17,回测,1,024481,财通品质甄选,flat,0,-2.58,2.58,,,,,up,up,up,,-1.42,,
2026-09-17,回测,1,015060,华夏节能环保,flat,0,-2.27,2.27,,,,,up,up,up,,-1.53,,
2026-09-17,回测,1,001672,国寿智慧生活,flat,0,-2.01,2.01,,,,,up,up,up,,-0.86,,
2026-09-18,回测,1,002910,易方达供给改革,up,1,-0.4,1.4,,,,,down,up,up,,0.54,1,
2026-09-18,回测,1,005698,华夏全球科技,up,1,-0.88,3.08,,,,,up,up,up,,3.08,1,
2026-09-18,回测,1,024481,财通品质甄选,up,1,-1.16,4.06,,,,,down,up,up,,2.96,1,
2026-09-18,回测,1,015060,华夏节能环保,up,1,-1.02,3.56,,,,,down,up,up,,2.69,1,
2026-09-18,回测,1,001672,国寿智慧生活,up,1,-0.89,3.12,,,,,down,up,up,,2.21,1,
2026-09-21,回测,1,002910,易方达供给改革,up,1,-0.41,1.43,,,,,up,up,up,,0.97,1,
2026-09-21,回测,1,005698,华夏全球科技,flat,0,-2.08,2.08,,,,,up,up,up,,2.62,,
2026-09-21,回测,1,024481,财通品质甄选,up,1,-1.18,4.13,,,,,up,up,up,,-0.44,0,
2026-09-21,回测,1,015060,华夏节能环保,up,1,-1.03,3.61,,,,,up,up,up,,1.41,1,
2026-09-21,回测,1,001672,国寿智慧生活,up,1,-0.89,3.11,,,,,up,up,up,,1.24,1,
2026-09-22,回测,1,002910,易方达供给改革,up,1,-0.4,1.41,,,,,up,up,up,,0.12,1,
2026-09-22,回测,1,005698,华夏全球科技,flat,0.5,-1.93,1.94,,,,,up,up,up,,0.61,,
2026-09-22,回测,1,024481,财通品质甄选,up,1,-1.08,3.78,,,,,down,up,up,,-1.12,0,
2026-09-22,回测,1,015060,华夏节能环保,up,1,-0.98,3.43,,,,,up,up,up,,-1.83,0,
2026-09-22,回测,1,001672,国寿智慧生活,up,1,-0.84,2.94,,,,,up,up,up,,-0.45,0,
2026-09-23,回测,1,002910,易方达供给改革,up,1,-0.4,1.41,,,,,flat,up,up,,-0.58,0,
2026-09-23,回测,1,005698,华夏全球科技,flat,-0.5,-1.93,1.93,,,,,up,up,up,,-0.38,,
2026-09-23,回测,1,024481,财通品质甄选,up,1,-1.09,3.81,,,,,down,up,up,,-0.18,0,
2026-09-23,回测,1,015060,华夏节能环保,up,1,-1,3.49,,,,,down,up,up,,0.63,1,
2026-09-23,回测,1,001672,国寿智慧生活,up,1,-0.84,2.95,,,,,down,up,up,,1.33,1,
2026-09-24,回测,1,002910,易方达供给改革,down,-1,-1.39,0.4,,,,,down,up,down,,-2.06,1,
2026-09-24,回测,1,005698,华夏全球科技,flat,0,-1.93,1.94,,,,,down,up,down,,-1.99,,
2026-09-24,回测,1,024481,财通品质甄选,down,-1,-3.79,1.08,,,,,flat,up,down,,-3.81,1,
2026-09-24,回测,1,015060,华夏节能环保,down,-1,-3.47,0.99,,,,,up,up,down,,-3.21,1,
2026-09-24,回测,1,001672,国寿智慧生活,down,-1,-2.97,0.85,,,,,up,up,down,,-2.22,1,
2026-09-28,回测,1,002910,易方达供给改革,up,1,-0.4,1.4,,,,,down,up,up,,-1.5,0,
2026-09-28,回测,1,005698,华夏全球科技,flat,0,-1.86,1.86,,,,,down,up,up,,-4.5,,
2026-09-28,回测,1,024481,财通品质甄选,up,1.5,-1.08,3.78,,,,,down,up,up,,-6.29,0,
2026-09-28,回测,1,015060,华夏节能环保,up,1.5,-0.96,3.37,,,,,down,up,up,,-6.61,0,
2026-09-28,回测,1,001672,国寿智慧生活,up,1,-0.8,2.79,,,,,down,up,up,,-5.46,0,
2026-09-29,回测,1,002910,易方达供给改革,down,-1,-1.44,0.41,,,,,down,up,down,,0.1,0,
2026-09-29,回测,1,005698,华夏全球科技,flat,-0.5,-2,2,,,,,down,up,down,,1.78,,
2026-09-29,回测,1,024481,财通品质甄选,flat,0,-2.73,2.73,,,,,down,up,down,,1.53,,
2026-09-29,回测,1,015060,华夏节能环保,flat,0,-2.55,2.55,,,,,down,up,down,,1.44,,
2026-09-29,回测,1,001672,国寿智慧生活,flat,-0.5,-2.1,2.1,,,,,down,up,down,,0.86,,
2026-09-30,回测,1,002910,易方达供给改革,up,1,-0.4,1.4,,,,,flat,up,up,,0.91,1,
2026-09-30,回测,1,005698,华夏全球科技,flat,0,-2.02,2.02,,,,,up,up,flat,,,,
2026-09-30,回测,1,024481,财通品质甄选,up,1.5,-1.21,4.23,,,,,up,up,up,,-1.57,0,
2026-09-30,回测,1,015060,华夏节能环保,up,1.5,-1.13,3.96,,,,,up,up,up,,-2.44,0,
2026-09-30,回测,1,001672,国寿智慧生活,up,1,-0.9,3.15,,,,,up,up,up,,-1.67,0,
2026-10-08,实盘,1,002910,易方达供给改革,flat,0,-0.94,0.94,up,-0.8,1.8,中,up,up,flat,1,,,
2026-10-08,实盘,1,005698,华夏全球科技,flat,0,-2.02,2.02,up,-1.2,2.2,中,up,up,flat,1,,,
2026-10-08,实盘,1,024481,财通品质甄选,flat,0.5,-2.61,2.61,flat,-2,2,低,down,up,flat,1,,,
2026-10-08,实盘,1,015060,华夏节能环保,flat,0.5,-2.48,2.48,flat,-2.2,2.2,低,down,up,flat,1,,,
2026-10-08,实盘,1,001672,国寿智慧生活,flat,0,-1.92,1.92,flat,-1.5,1.5,低,down,up,flat,1,,,
